time,file,n_cranes,n_jobs,idx,seed,iters_per_move,c_uct,final_action,ok,base_obj,base_delay,mcts_obj,mcts_delay,imp_ratio,wall_sec
2026-01-13 20:21:36,2_20_0.json,2,20,0,7,300,1.4,visits,True,1815.0,0,46782.0,60707.0,-24.775206611570248,20.11099100112915
2026-01-13 20:22:50,2_5_0.json,2,5,0,7,300,1.4,visits,True,420.0,0,845.0,329.0,-1.0119047619047619,0.6827890872955322
2026-01-13 20:23:03,2_5_0.json,2,5,0,7,300,1.4,visits,True,420.0,0,845.0,329.0,-1.0119047619047619,0.6832969188690186
2026-01-13 20:23:17,2_5_0.json,2,5,0,7,300,1.4,visits,True,420.0,0,845.0,329.0,-1.0119047619047619,0.6810061931610107
2026-01-13 20:23:17,2_5_1.json,2,5,1,8,300,1.4,visits,True,385.0,0,1811.0,1521.0,-3.703896103896104,0.49237895011901855
2026-01-13 20:23:18,2_5_2.json,2,5,2,9,300,1.4,visits,True,339.0,0,2729.0,2693.0,-7.050147492625369,0.47449183464050293
2026-01-13 20:23:18,2_5_3.json,2,5,3,10,300,1.4,visits,True,445.0,0,1341.0,737.0,-2.013483146067416,0.48696088790893555
2026-01-13 20:23:19,2_5_4.json,2,5,4,11,300,1.4,visits,True,408.0,0,2058.0,1842.0,-4.044117647058823,0.49042201042175293
2026-01-13 20:23:19,2_5_5.json,2,5,5,12,300,1.4,visits,True,362.0,0,2056.0,2208.0,-4.679558011049724,0.49816203117370605
2026-01-13 20:23:20,2_5_6.json,2,5,6,13,300,1.4,visits,True,343.0,0,2403.0,2109.0,-6.005830903790088,0.4755561351776123
2026-01-13 20:23:20,2_5_7.json,2,5,7,14,300,1.4,visits,True,385.0,0,1463.0,1091.0,-2.8,0.6251358985900879
2026-01-13 20:23:21,2_5_8.json,2,5,8,15,300,1.4,visits,True,334.0,0,2178.0,2318.0,-5.520958083832335,0.4810950756072998
2026-01-13 20:23:21,2_5_9.json,2,5,9,16,300,1.4,visits,True,394.0,0,2264.0,1834.0,-4.746192893401015,0.6292498111724854
2026-01-13 20:23:22,2_5_10.json,2,5,10,17,300,1.4,visits,True,450.0,0,2016.0,1750.0,-3.48,0.6471118927001953
2026-01-13 20:23:22,2_5_11.json,2,5,11,18,300,1.4,visits,True,402.0,0,1892.0,1600.0,-3.7064676616915424,0.49736714363098145
2026-01-13 20:23:23,2_5_12.json,2,5,12,19,300,1.4,visits,True,434.0,0,2345.0,2526.0,-4.403225806451613,0.6731300354003906
2026-01-13 20:23:24,2_5_13.json,2,5,13,20,300,1.4,visits,True,424.0,0,2254.0,1953.0,-4.316037735849057,0.5054779052734375
2026-01-13 20:23:24,2_5_14.json,2,5,14,21,300,1.4,visits,True,416.0,0,1706.0,1586.0,-3.1009615384615383,0.6599440574645996
2026-01-13 20:23:25,2_5_15.json,2,5,15,22,300,1.4,visits,True,356.0,0,2163.0,1958.0,-5.075842696629214,0.4927070140838623
2026-01-13 20:23:25,2_5_16.json,2,5,16,23,300,1.4,visits,True,417.0,0,1983.0,2261.0,-3.7553956834532376,0.47766995429992676
2026-01-13 20:23:26,2_5_17.json,2,5,17,24,300,1.4,visits,True,359.0,0,2527.0,2766.0,-6.03899721448468,0.4925577640533447
2026-01-13 20:23:26,2_5_18.json,2,5,18,25,300,1.4,visits,True,372.0,0,1834.0,1675.0,-3.9301075268817205,0.636052131652832
2026-01-13 20:23:27,2_5_19.json,2,5,19,26,300,1.4,visits,True,424.0,0,1740.0,1531.0,-3.1037735849056602,0.6835589408874512
2026-01-13 20:23:28,2_5_20.json,2,5,20,27,300,1.4,visits,True,396.0,0,1424.0,1235.0,-2.595959595959596,0.6555399894714355
2026-01-13 20:23:29,2_5_21.json,2,5,21,28,300,1.4,visits,True,475.0,0,919.0,350.0,-0.9347368421052632,0.7380249500274658
2026-01-13 20:23:29,2_5_22.json,2,5,22,29,300,1.4,visits,True,373.0,0,1223.0,828.0,-2.278820375335121,0.5173888206481934
2026-01-13 20:23:30,2_5_23.json,2,5,23,30,300,1.4,visits,True,358.0,0,2507.0,2524.0,-6.0027932960893855,0.48810338973999023
2026-01-13 20:23:30,2_5_24.json,2,5,24,31,300,1.4,visits,True,491.0,0,1624.0,1009.0,-2.3075356415478616,0.6438510417938232
2026-01-13 20:23:31,2_5_25.json,2,5,25,32,300,1.4,visits,True,458.0,0,2577.0,2540.0,-4.626637554585153,0.6445109844207764
2026-01-13 20:23:31,2_5_26.json,2,5,26,33,300,1.4,visits,True,464.0,0,2256.0,2177.0,-3.8620689655172415,0.6693322658538818
2026-01-13 20:23:32,2_5_27.json,2,5,27,34,300,1.4,visits,True,415.0,0,2544.0,2610.0,-5.130120481927711,0.48351502418518066
2026-01-13 20:23:33,2_5_28.json,2,5,28,35,300,1.4,visits,True,439.0,0,2023.0,1698.0,-3.6082004555808656,0.6561641693115234
2026-01-13 20:23:33,2_5_29.json,2,5,29,36,300,1.4,visits,True,410.0,0,1458.0,1173.0,-2.55609756097561,0.6865983009338379
2026-01-13 20:23:37,2_5_0.json,2,5,0,7,1000,1.4,visits,True,420.0,0,1565.0,1010.0,-2.7261904761904763,2.0573079586029053
2026-01-13 20:23:39,2_5_1.json,2,5,1,8,1000,1.4,visits,True,385.0,0,2361.0,2153.0,-5.132467532467532,1.5665950775146484
2026-01-13 20:23:41,2_5_2.json,2,5,2,9,1000,1.4,visits,True,339.0,0,2262.0,2168.0,-5.672566371681416,1.5630180835723877
2026-01-13 20:23:42,2_5_3.json,2,5,3,10,1000,1.4,visits,True,445.0,0,2047.0,1505.0,-3.6,1.5571372509002686
2026-01-13 20:23:44,2_5_4.json,2,5,4,11,1000,1.4,visits,True,408.0,0,2633.0,2346.0,-5.453431372549019,1.5494098663330078
2026-01-13 20:23:45,2_5_5.json,2,5,5,12,1000,1.4,visits,True,362.0,0,2492.0,2721.0,-5.883977900552487,1.5957307815551758
2026-01-13 20:23:47,2_5_6.json,2,5,6,13,1000,1.4,visits,True,343.0,0,2394.0,2128.0,-5.979591836734694,1.5503919124603271
2026-01-13 20:23:49,2_5_7.json,2,5,7,14,1000,1.4,visits,True,385.0,0,1806.0,1463.0,-3.690909090909091,2.12290096282959
2026-01-13 20:23:51,2_5_8.json,2,5,8,15,1000,1.4,visits,True,334.0,0,2700.0,3063.0,-7.083832335329341,1.58514404296875
2026-01-13 20:44:27,2_5_0.json,2,5,0,7,1000,1.4,visits,True,420.0,0,429.0,0.0,-0.02142857142857143,2.7329649925231934
2026-01-13 20:44:29,2_5_1.json,2,5,1,8,1000,1.4,visits,True,385.0,0,399.0,0.0,-0.03636363636363636,2.0451509952545166
2026-01-13 20:44:31,2_5_2.json,2,5,2,9,1000,1.4,visits,True,339.0,0,364.0,0.0,-0.07374631268436578,1.9979658126831055
2026-01-13 20:44:33,2_5_3.json,2,5,3,10,1000,1.4,visits,True,445.0,0,452.0,0.0,-0.015730337078651686,1.9962589740753174
2026-01-13 20:44:35,2_5_4.json,2,5,4,11,1000,1.4,visits,True,408.0,0,408.0,0.0,0.0,1.9817311763763428
2026-01-13 20:44:37,2_5_5.json,2,5,5,12,1000,1.4,visits,True,362.0,0,395.0,0.0,-0.09116022099447514,1.9498307704925537
2026-01-13 20:44:39,2_5_6.json,2,5,6,13,1000,1.4,visits,True,343.0,0,354.0,0.0,-0.03206997084548105,2.0366573333740234
2026-01-13 20:44:42,2_5_7.json,2,5,7,14,1000,1.4,visits,True,385.0,0,397.0,0.0,-0.03116883116883117,2.8897011280059814
2026-01-13 20:44:44,2_5_8.json,2,5,8,15,1000,1.4,visits,True,334.0,0,386.0,0.0,-0.15568862275449102,2.0681252479553223
2026-01-13 20:44:46,2_5_9.json,2,5,9,16,1000,1.4,visits,True,394.0,0,442.0,0.0,-0.1218274111675127,2.861487865447998
2026-01-13 20:44:49,2_5_10.json,2,5,10,17,1000,1.4,visits,True,450.0,0,416.0,0.0,0.07555555555555556,2.7203309535980225
2026-01-13 20:44:51,2_5_11.json,2,5,11,18,1000,1.4,visits,True,402.0,0,414.0,0.0,-0.029850746268656716,1.9334421157836914
2026-01-13 20:44:54,2_5_12.json,2,5,12,19,1000,1.4,visits,True,434.0,0,422.0,0.0,0.027649769585253458,2.7422850131988525
2026-01-13 20:44:56,2_5_13.json,2,5,13,20,1000,1.4,visits,True,424.0,0,464.0,0.0,-0.09433962264150944,1.9549179077148438
2026-01-13 20:44:59,2_5_14.json,2,5,14,21,1000,1.4,visits,True,416.0,0,408.0,0.0,0.019230769230769232,2.756458044052124
2026-01-13 20:45:01,2_5_15.json,2,5,15,22,1000,1.4,visits,True,356.0,0,382.0,0.0,-0.07303370786516854,1.9967901706695557
2026-01-13 20:45:03,2_5_16.json,2,5,16,23,1000,1.4,visits,True,417.0,0,456.0,0.0,-0.09352517985611511,1.9384191036224365
2026-01-13 20:45:04,2_5_17.json,2,5,17,24,1000,1.4,visits,True,359.0,0,361.0,0.0,-0.005571030640668524,1.9086740016937256
2026-01-13 20:45:07,2_5_18.json,2,5,18,25,1000,1.4,visits,True,372.0,0,377.0,0.0,-0.013440860215053764,2.811824083328247
2026-01-13 20:45:10,2_5_19.json,2,5,19,26,1000,1.4,visits,True,424.0,0,434.0,0.0,-0.02358490566037736,2.726414918899536
2026-01-13 20:45:13,2_5_20.json,2,5,20,27,1000,1.4,visits,True,396.0,0,416.0,0.0,-0.050505050505050504,2.838932991027832
2026-01-13 20:45:16,2_5_21.json,2,5,21,28,1000,1.4,visits,True,475.0,0,462.0,0.0,0.02736842105263158,2.9725828170776367
2026-01-13 20:45:18,2_5_22.json,2,5,22,29,1000,1.4,visits,True,373.0,0,387.0,0.0,-0.03753351206434316,2.1331539154052734
2026-01-13 20:45:20,2_5_23.json,2,5,23,30,1000,1.4,visits,True,358.0,0,376.0,0.0,-0.05027932960893855,2.0902810096740723
2026-01-13 20:45:23,2_5_0.json,2,5,0,7,1000,1.4,visits,True,420.0,0,429.0,0.0,-0.02142857142857143,2.5930962562561035
2026-01-13 20:45:54,2_5_0.json,2,5,0,7,10000,1.4,visits,True,420.0,0,433.0,0.0,-0.030952380952380953,26.486314058303833
2026-01-13 20:46:16,2_5_0.json,2,5,0,7,1000,1.4,q,True,420.0,0,436.0,0.0,-0.0380952380952381,2.8587567806243896
2026-01-13 20:46:30,2_5_0.json,2,5,0,7,1000,10,q,True,420.0,0,413.0,0.0,0.016666666666666666,2.946584939956665
2026-01-13 20:46:45,2_5_0.json,2,5,0,7,1000,10,visits,True,420.0,0,413.0,0.0,0.016666666666666666,2.925809144973755
2026-01-13 20:46:47,2_5_1.json,2,5,1,8,1000,10,visits,True,385.0,0,436.0,0.0,-0.13246753246753246,2.0767300128936768
2026-01-13 20:46:49,2_5_2.json,2,5,2,9,1000,10,visits,True,339.0,0,394.0,0.0,-0.16224188790560473,2.0768980979919434
2026-01-13 20:46:51,2_5_3.json,2,5,3,10,1000,10,visits,True,445.0,0,427.0,0.0,0.04044943820224719,2.1348438262939453
2026-01-13 20:46:53,2_5_4.json,2,5,4,11,1000,10,visits,True,408.0,0,481.0,0.0,-0.17892156862745098,2.0602149963378906
2026-01-13 20:46:55,2_5_5.json,2,5,5,12,1000,10,visits,True,362.0,0,387.0,0.0,-0.06906077348066299,2.160048007965088
2026-01-13 20:46:58,2_5_6.json,2,5,6,13,1000,10,visits,True,343.0,0,365.0,0.0,-0.0641399416909621,2.2621681690216064
2026-01-13 20:47:01,2_5_7.json,2,5,7,14,1000,10,visits,True,385.0,0,414.0,0.0,-0.07532467532467532,3.008924961090088
2026-01-13 20:47:03,2_5_8.json,2,5,8,15,1000,10,visits,True,334.0,0,371.0,0.0,-0.11077844311377245,2.4317939281463623
2026-01-13 20:47:09,2_5_0.json,2,5,0,7,1000,100,visits,True,420.0,0,420.0,0.0,0.0,2.860759973526001
2026-01-13 20:47:11,2_5_1.json,2,5,1,8,1000,100,visits,True,385.0,0,1795.0,1457.0,-3.6623376623376624,2.0358948707580566
2026-01-13 20:47:13,2_5_2.json,2,5,2,9,1000,100,visits,True,339.0,0,376.0,0.0,-0.10914454277286136,2.124642848968506
2026-01-13 20:47:15,2_5_3.json,2,5,3,10,1000,100,visits,True,445.0,0,436.0,0.0,0.020224719101123594,2.0991692543029785
2026-01-13 20:47:17,2_5_4.json,2,5,4,11,1000,100,visits,True,408.0,0,460.0,0.0,-0.12745098039215685,2.1303317546844482
2026-01-13 20:47:19,2_5_5.json,2,5,5,12,1000,100,visits,True,362.0,0,2618.0,2432.0,-6.232044198895028,2.041800022125244
2026-01-13 20:47:21,2_5_6.json,2,5,6,13,1000,100,visits,True,343.0,0,414.0,0.0,-0.20699708454810495,2.1491589546203613
2026-01-13 20:47:24,2_5_7.json,2,5,7,14,1000,100,visits,True,385.0,0,402.0,0.0,-0.04415584415584416,2.8335280418395996
2026-01-13 20:47:26,2_5_8.json,2,5,8,15,1000,100,visits,True,334.0,0,369.0,0.0,-0.10479041916167664,2.1130101680755615
2026-01-13 20:47:30,2_5_9.json,2,5,9,16,1000,100,visits,True,394.0,0,452.0,0.0,-0.14720812182741116,3.2173538208007812
2026-01-13 20:47:35,2_5_0.json,2,5,0,7,1000,0.5,visits,True,420.0,0,433.0,0.0,-0.030952380952380953,2.6867518424987793
2026-01-13 20:47:37,2_5_1.json,2,5,1,8,1000,0.5,visits,True,385.0,0,399.0,0.0,-0.03636363636363636,1.8087148666381836
2026-01-13 20:47:38,2_5_2.json,2,5,2,9,1000,0.5,visits,True,339.0,0,349.0,0.0,-0.029498525073746312,1.8454749584197998
2026-01-13 20:47:40,2_5_3.json,2,5,3,10,1000,0.5,visits,True,445.0,0,510.0,0.0,-0.14606741573033707,1.9116449356079102
2026-01-13 20:47:42,2_5_4.json,2,5,4,11,1000,0.5,visits,True,408.0,0,422.0,0.0,-0.03431372549019608,1.7284317016601562
2026-01-13 20:47:44,2_5_5.json,2,5,5,12,1000,0.5,visits,True,362.0,0,395.0,0.0,-0.09116022099447514,1.8199028968811035
2026-01-13 20:47:46,2_5_6.json,2,5,6,13,1000,0.5,visits,True,343.0,0,409.0,0.0,-0.1924198250728863,1.8845598697662354
2026-01-13 20:47:48,2_5_7.json,2,5,7,14,1000,0.5,visits,True,385.0,0,389.0,0.0,-0.01038961038961039,2.636514902114868
2026-01-13 20:47:50,2_5_8.json,2,5,8,15,1000,0.5,visits,True,334.0,0,347.0,0.0,-0.038922155688622756,1.8608570098876953
2026-01-13 20:50:38,2_5_0.json,2,5,0,7,1000,0.5,visits,True,420.0,0,497.0,2.0,-0.18333333333333332,2.2737300395965576
2026-01-13 20:50:39,2_5_1.json,2,5,1,8,1000,0.5,visits,True,385.0,0,578.0,63.0,-0.5012987012987012,1.260779857635498
2026-01-13 20:50:40,2_5_2.json,2,5,2,9,1000,0.5,visits,True,339.0,0,518.0,56.0,-0.528023598820059,1.1936571598052979
2026-01-13 20:50:42,2_5_3.json,2,5,3,10,1000,0.5,visits,True,445.0,0,542.0,38.0,-0.21797752808988763,1.4200520515441895
2026-01-13 20:50:43,2_5_4.json,2,5,4,11,1000,0.5,visits,True,408.0,0,487.0,12.0,-0.19362745098039216,1.2807490825653076
2026-01-13 20:50:44,2_5_5.json,2,5,5,12,1000,0.5,visits,True,362.0,0,475.0,4.0,-0.31215469613259667,1.183732032775879
2026-01-13 20:50:46,2_5_6.json,2,5,6,13,1000,0.5,visits,True,343.0,0,617.0,105.0,-0.7988338192419825,1.2307288646697998
2026-01-13 20:50:47,2_5_7.json,2,5,7,14,1000,0.5,visits,True,385.0,0,564.0,45.0,-0.4649350649350649,1.7268569469451904
2026-01-13 20:50:49,2_5_8.json,2,5,8,15,1000,0.5,visits,True,334.0,0,539.0,62.0,-0.6137724550898204,1.3336429595947266
2026-01-13 20:50:51,2_5_9.json,2,5,9,16,1000,0.5,visits,True,394.0,0,439.0,0.0,-0.11421319796954314,2.1126747131347656
2026-01-13 20:50:53,2_5_10.json,2,5,10,17,1000,0.5,visits,True,450.0,0,528.0,27.0,-0.17333333333333334,2.051954984664917
2026-01-13 20:50:54,2_5_11.json,2,5,11,18,1000,0.5,visits,True,402.0,0,520.0,15.0,-0.2935323383084577,1.3218700885772705
2026-01-13 20:50:56,2_5_12.json,2,5,12,19,1000,0.5,visits,True,434.0,0,492.0,12.0,-0.1336405529953917,2.1504249572753906
2026-01-13 20:50:58,2_5_13.json,2,5,13,20,1000,0.5,visits,True,424.0,0,532.0,30.0,-0.25471698113207547,1.3371028900146484
2026-01-13 20:51:00,2_5_14.json,2,5,14,21,1000,0.5,visits,True,416.0,0,526.0,22.0,-0.2644230769230769,2.0619959831237793
2026-01-13 20:51:01,2_5_15.json,2,5,15,22,1000,0.5,visits,True,356.0,0,555.0,58.0,-0.5589887640449438,1.3522937297821045
2026-01-13 20:51:02,2_5_16.json,2,5,16,23,1000,0.5,visits,True,417.0,0,607.0,50.0,-0.4556354916067146,1.3672659397125244
2026-01-13 20:51:04,2_5_17.json,2,5,17,24,1000,0.5,visits,True,359.0,0,602.0,92.0,-0.6768802228412256,1.3312149047851562
2026-01-13 20:51:13,2_5_0.json,2,5,0,7,1000,10,visits,True,420.0,0,545.0,20.0,-0.2976190476190476,2.9929258823394775
2026-01-13 20:51:15,2_5_1.json,2,5,1,8,1000,10,visits,True,385.0,0,530.0,24.0,-0.37662337662337664,1.8486459255218506
2026-01-13 20:51:16,2_5_2.json,2,5,2,9,1000,10,visits,True,339.0,0,480.0,14.0,-0.415929203539823,1.8402109146118164
2026-01-13 20:51:19,2_5_3.json,2,5,3,10,1000,10,visits,True,445.0,0,622.0,69.0,-0.39775280898876403,2.0538651943206787
2026-01-13 20:51:20,2_5_4.json,2,5,4,11,1000,10,visits,True,408.0,0,539.0,22.0,-0.32107843137254904,1.7637667655944824
2026-01-13 20:51:22,2_5_5.json,2,5,5,12,1000,10,visits,True,362.0,0,567.0,88.0,-0.5662983425414365,1.823530912399292
2026-01-13 20:51:24,2_5_6.json,2,5,6,13,1000,10,visits,True,343.0,0,520.0,33.0,-0.5160349854227405,1.93983793258667
2026-01-13 20:51:27,2_5_7.json,2,5,7,14,1000,10,visits,True,385.0,0,438.0,1.0,-0.13766233766233765,2.779639959335327
2026-01-13 20:51:29,2_5_8.json,2,5,8,15,1000,10,visits,True,334.0,0,442.0,4.0,-0.32335329341317365,1.949187994003296
2026-01-13 20:51:32,2_5_9.json,2,5,9,16,1000,10,visits,True,394.0,0,400.0,0.0,-0.015228426395939087,2.9019291400909424
2026-01-13 20:51:35,2_5_10.json,2,5,10,17,1000,10,visits,True,450.0,0,491.0,12.0,-0.09111111111111111,2.9089369773864746
2026-01-13 20:51:36,2_5_11.json,2,5,11,18,1000,10,visits,True,402.0,0,576.0,28.0,-0.43283582089552236,1.7962613105773926
2026-01-13 20:51:39,2_5_12.json,2,5,12,19,1000,10,visits,True,434.0,0,479.0,9.0,-0.10368663594470046,2.8506109714508057
2026-01-13 20:51:41,2_5_13.json,2,5,13,20,1000,10,visits,True,424.0,0,534.0,22.0,-0.25943396226415094,1.8961169719696045
2026-01-13 20:51:44,2_5_14.json,2,5,14,21,1000,10,visits,True,416.0,0,463.0,12.0,-0.11298076923076923,2.9090301990509033
2026-01-13 20:51:46,2_5_15.json,2,5,15,22,1000,10,visits,True,356.0,0,538.0,53.0,-0.5112359550561798,1.8070018291473389
2026-01-13 20:51:48,2_5_16.json,2,5,16,23,1000,10,visits,True,417.0,0,570.0,46.0,-0.3669064748201439,1.9335122108459473
2026-01-13 20:51:50,2_5_17.json,2,5,17,24,1000,10,visits,True,359.0,0,504.0,24.0,-0.403899721448468,1.8593418598175049
2026-01-13 20:51:52,2_5_18.json,2,5,18,25,1000,10,visits,True,372.0,0,451.0,13.0,-0.21236559139784947,2.837797164916992
2026-01-13 20:51:55,2_5_19.json,2,5,19,26,1000,10,visits,True,424.0,0,493.0,12.0,-0.16273584905660377,2.897629976272583
2026-01-13 20:51:58,2_5_20.json,2,5,20,27,1000,10,visits,True,396.0,0,397.0,0.0,-0.0025252525252525255,2.8177688121795654
2026-01-13 20:52:01,2_5_21.json,2,5,21,28,1000,10,visits,True,475.0,0,539.0,16.0,-0.13473684210526315,2.9212729930877686
2026-01-13 20:52:03,2_5_22.json,2,5,22,29,1000,10,visits,True,373.0,0,446.0,0.0,-0.19571045576407506,1.964346170425415
2026-01-13 20:52:05,2_5_23.json,2,5,23,30,1000,10,visits,True,358.0,0,505.0,19.0,-0.4106145251396648,1.8309710025787354
2026-01-13 20:52:08,2_5_24.json,2,5,24,31,1000,10,visits,True,491.0,0,520.0,12.0,-0.059063136456211814,2.899941921234131
2026-01-13 20:52:11,2_5_25.json,2,5,25,32,1000,10,visits,True,458.0,0,441.0,0.0,0.03711790393013101,3.011145830154419
2026-01-13 20:52:14,2_5_26.json,2,5,26,33,1000,10,visits,True,464.0,0,538.0,37.0,-0.15948275862068967,2.784550905227661
2026-01-13 20:52:16,2_5_27.json,2,5,27,34,1000,10,visits,True,415.0,0,468.0,3.0,-0.12771084337349398,2.047194004058838
2026-01-13 20:52:18,2_5_28.json,2,5,28,35,1000,10,visits,True,439.0,0,447.0,0.0,-0.018223234624145785,2.7957422733306885
2026-01-13 20:52:21,2_5_29.json,2,5,29,36,1000,10,visits,True,410.0,0,475.0,14.0,-0.15853658536585366,2.9519286155700684
2026-01-13 20:52:32,2_5_0.json,2,5,0,7,1000,100,visits,True,420.0,0,496.0,13.0,-0.18095238095238095,3.0896880626678467
2026-01-13 20:52:35,2_5_1.json,2,5,1,8,1000,100,visits,True,385.0,0,462.0,11.0,-0.2,2.1209027767181396
2026-01-13 20:52:37,2_5_2.json,2,5,2,9,1000,100,visits,True,339.0,0,421.0,0.0,-0.24188790560471976,2.178133964538574
2026-01-13 20:52:39,2_5_3.json,2,5,3,10,1000,100,visits,True,445.0,0,533.0,22.0,-0.19775280898876405,2.2255802154541016
2026-01-13 20:52:41,2_5_4.json,2,5,4,11,1000,100,visits,True,408.0,0,468.0,3.0,-0.14705882352941177,2.142453908920288
2026-01-13 20:52:47,2_5_0.json,2,5,0,7,1000,1000,visits,True,420.0,0,554.0,54.0,-0.319047619047619,3.0319857597351074
2026-01-13 20:52:50,2_5_1.json,2,5,1,8,1000,1000,visits,True,385.0,0,510.0,35.0,-0.3246753246753247,2.1469109058380127
2026-01-13 20:52:52,2_5_2.json,2,5,2,9,1000,1000,visits,True,339.0,0,395.0,0.0,-0.16519174041297935,2.147489070892334
2026-01-13 20:52:54,2_5_3.json,2,5,3,10,1000,1000,visits,True,445.0,0,600.0,62.0,-0.34831460674157305,2.220492124557495
2026-01-13 20:52:56,2_5_4.json,2,5,4,11,1000,1000,visits,True,408.0,0,502.0,20.0,-0.23039215686274508,2.1215403079986572
2026-01-13 20:52:58,2_5_5.json,2,5,5,12,1000,1000,visits,True,362.0,0,512.0,55.0,-0.4143646408839779,2.2198069095611572
2026-01-13 20:53:03,2_5_0.json,2,5,0,7,1000,1,visits,True,420.0,0,480.0,12.0,-0.14285714285714285,2.2814741134643555
2026-01-13 20:53:05,2_5_1.json,2,5,1,8,1000,1,visits,True,385.0,0,535.0,35.0,-0.38961038961038963,1.296165943145752
2026-01-13 20:53:06,2_5_2.json,2,5,2,9,1000,1,visits,True,339.0,0,503.0,37.0,-0.4837758112094395,1.3842060565948486
2026-01-13 20:53:08,2_5_3.json,2,5,3,10,1000,1,visits,True,445.0,0,585.0,93.0,-0.3146067415730337,1.454056978225708
2026-01-13 20:53:09,2_5_4.json,2,5,4,11,1000,1,visits,True,408.0,0,531.0,14.0,-0.3014705882352941,1.300144910812378
2026-01-13 20:53:10,2_5_5.json,2,5,5,12,1000,1,visits,True,362.0,0,464.0,55.0,-0.281767955801105,1.327843189239502
2026-01-13 20:53:12,2_5_6.json,2,5,6,13,1000,1,visits,True,343.0,0,555.0,45.0,-0.6180758017492711,1.4166460037231445
2026-01-13 20:53:14,2_5_7.json,2,5,7,14,1000,1,visits,True,385.0,0,542.0,45.0,-0.4077922077922078,2.222299098968506
2026-01-13 20:53:15,2_5_0.json,2,5,0,7,1000,0.1,visits,True,420.0,0,551.0,22.0,-0.3119047619047619,1.9866423606872559
2026-01-13 20:53:17,2_5_1.json,2,5,1,8,1000,0.1,visits,True,385.0,0,561.0,54.0,-0.45714285714285713,1.2563838958740234
2026-01-13 20:53:18,2_5_2.json,2,5,2,9,1000,0.1,visits,True,339.0,0,488.0,23.0,-0.43952802359882004,1.1843299865722656
2026-01-13 20:53:19,2_5_3.json,2,5,3,10,1000,0.1,visits,True,445.0,0,613.0,56.0,-0.3775280898876405,1.4575228691101074
2026-01-13 20:53:21,2_5_4.json,2,5,4,11,1000,0.1,visits,True,408.0,0,496.0,20.0,-0.21568627450980393,1.1395618915557861
2026-01-13 20:53:22,2_5_5.json,2,5,5,12,1000,0.1,visits,True,362.0,0,664.0,82.0,-0.8342541436464088,1.2226409912109375
2026-01-13 20:53:23,2_5_6.json,2,5,6,13,1000,0.1,visits,True,343.0,0,454.0,4.0,-0.3236151603498542,1.2990062236785889
2026-01-13 20:53:25,2_5_7.json,2,5,7,14,1000,0.1,visits,True,385.0,0,584.0,41.0,-0.5168831168831168,1.8477540016174316
2026-01-13 20:53:26,2_5_8.json,2,5,8,15,1000,0.1,visits,True,334.0,0,619.0,101.0,-0.8532934131736527,1.4956307411193848
2026-01-13 20:53:28,2_5_9.json,2,5,9,16,1000,0.1,visits,True,394.0,0,478.0,20.0,-0.2131979695431472,2.1039838790893555
2026-01-13 20:54:46,2_5_0.json,2,5,0,7,1000,0.1,visits,True,420.0,0,434.0,0.0,-0.03333333333333333,2.7017228603363037
2026-01-13 20:54:47,2_5_1.json,2,5,1,8,1000,0.1,visits,True,385.0,0,511.0,50.0,-0.32727272727272727,1.4887642860412598
2026-01-13 20:54:49,2_5_2.json,2,5,2,9,1000,0.1,visits,True,339.0,0,442.0,33.0,-0.30383480825958703,1.4309868812561035
2026-01-13 20:54:50,2_5_3.json,2,5,3,10,1000,0.1,visits,True,445.0,0,598.0,69.0,-0.3438202247191011,1.7505099773406982
2026-01-13 20:54:52,2_5_4.json,2,5,4,11,1000,0.1,visits,True,408.0,0,472.0,4.0,-0.1568627450980392,1.4050719738006592
2026-01-13 20:54:53,2_5_5.json,2,5,5,12,1000,0.1,visits,True,362.0,0,480.0,4.0,-0.3259668508287293,1.3032891750335693
2026-01-13 20:54:55,2_5_6.json,2,5,6,13,1000,0.1,visits,True,343.0,0,477.0,18.0,-0.39067055393586003,1.5991511344909668
2026-01-13 20:54:57,2_5_7.json,2,5,7,14,1000,0.1,visits,True,385.0,0,441.0,8.0,-0.14545454545454545,2.533073902130127
2026-01-13 20:54:59,2_5_8.json,2,5,8,15,1000,0.1,visits,True,334.0,0,460.0,26.0,-0.3772455089820359,1.449821949005127
2026-01-13 20:55:06,2_5_0.json,2,5,0,7,1000,1,visits,True,420.0,0,438.0,0.0,-0.04285714285714286,2.982042074203491
2026-01-13 20:55:08,2_5_1.json,2,5,1,8,1000,1,visits,True,385.0,0,490.0,10.0,-0.2727272727272727,2.115687847137451
2026-01-13 20:55:10,2_5_2.json,2,5,2,9,1000,1,visits,True,339.0,0,444.0,14.0,-0.30973451327433627,2.0395820140838623
2026-01-13 20:55:12,2_5_3.json,2,5,3,10,1000,1,visits,True,445.0,0,510.0,31.0,-0.14606741573033707,2.124804973602295
2026-01-13 20:55:14,2_5_4.json,2,5,4,11,1000,1,visits,True,408.0,0,436.0,0.0,-0.06862745098039216,2.044010877609253
2026-01-13 20:55:16,2_5_5.json,2,5,5,12,1000,1,visits,True,362.0,0,519.0,55.0,-0.43370165745856354,2.177757978439331
2026-01-13 20:55:18,2_5_6.json,2,5,6,13,1000,1,visits,True,343.0,0,494.0,8.0,-0.4402332361516035,2.221560001373291
2026-01-13 20:55:21,2_5_7.json,2,5,7,14,1000,1,visits,True,385.0,0,400.0,0.0,-0.03896103896103896,3.148969888687134
2026-01-13 20:55:24,2_5_8.json,2,5,8,15,1000,1,visits,True,334.0,0,457.0,20.0,-0.36826347305389223,2.3197481632232666
2026-01-13 20:55:25,2_5_0.json,2,5,0,7,1000,10,visits,True,420.0,0,436.0,0.0,-0.0380952380952381,3.17096209526062
2026-01-13 20:55:27,2_5_1.json,2,5,1,8,1000,10,visits,True,385.0,0,568.0,61.0,-0.4753246753246753,2.121961832046509
2026-01-13 20:55:30,2_5_2.json,2,5,2,9,1000,10,visits,True,339.0,0,470.0,4.0,-0.3864306784660767,2.1100149154663086
2026-01-13 20:55:32,2_5_3.json,2,5,3,10,1000,10,visits,True,445.0,0,474.0,5.0,-0.0651685393258427,2.1981449127197266
2026-01-13 20:55:34,2_5_4.json,2,5,4,11,1000,10,visits,True,408.0,0,508.0,23.0,-0.24509803921568626,2.084566116333008
2026-01-13 20:55:36,2_5_5.json,2,5,5,12,1000,10,visits,True,362.0,0,641.0,95.0,-0.7707182320441989,2.1310341358184814
2026-01-13 20:55:38,2_5_6.json,2,5,6,13,1000,10,visits,True,343.0,0,522.0,35.0,-0.521865889212828,2.2144110202789307
2026-01-13 20:55:44,2_5_0.json,2,5,0,7,1000,100,visits,True,420.0,0,454.0,0.0,-0.08095238095238096,3.040546178817749
2026-01-13 20:55:46,2_5_1.json,2,5,1,8,1000,100,visits,True,385.0,0,565.0,64.0,-0.4675324675324675,2.0880820751190186
2026-01-13 20:55:49,2_5_2.json,2,5,2,9,1000,100,visits,True,339.0,0,548.0,76.0,-0.616519174041298,2.125540256500244
2026-01-13 20:55:51,2_5_3.json,2,5,3,10,1000,100,visits,True,445.0,0,753.0,194.0,-0.6921348314606741,2.208709955215454
2026-01-13 20:55:53,2_5_4.json,2,5,4,11,1000,100,visits,True,408.0,0,581.0,71.0,-0.42401960784313725,2.1366348266601562
2026-01-13 20:55:55,2_5_5.json,2,5,5,12,1000,100,visits,True,362.0,0,528.0,39.0,-0.4585635359116022,2.196653127670288
2026-01-13 21:07:07,2_5_0.json,2,5,0,7,1000,0,visits,True,420.0,0,508.0,22.0,-0.20952380952380953,4.24177098274231
2026-01-13 21:07:16,2_5_0.json,2,5,0,7,1000,0,visits,True,420.0,0,508.0,22.0,-0.20952380952380953,1.725682020187378
2026-01-13 21:07:18,2_5_1.json,2,5,1,8,1000,0,visits,True,385.0,0,481.0,25.0,-0.24935064935064935,1.2463958263397217
2026-01-13 21:07:19,2_5_2.json,2,5,2,9,1000,0,visits,True,339.0,0,408.0,7.0,-0.20353982300884957,1.1828839778900146
2026-01-13 21:07:20,2_5_3.json,2,5,3,10,1000,0,visits,True,445.0,0,535.0,49.0,-0.20224719101123595,1.2269072532653809
2026-01-13 21:07:21,2_5_4.json,2,5,4,11,1000,0,visits,True,408.0,0,459.0,0.0,-0.125,1.1667561531066895
2026-01-13 21:07:22,2_5_5.json,2,5,5,12,1000,0,visits,True,362.0,0,472.0,36.0,-0.30386740331491713,1.266420841217041
2026-01-13 21:07:24,2_5_6.json,2,5,6,13,1000,0,visits,True,343.0,0,483.0,17.0,-0.40816326530612246,1.2933402061462402
2026-01-13 21:07:25,2_5_7.json,2,5,7,14,1000,0,visits,True,385.0,0,535.0,71.0,-0.38961038961038963,1.63736891746521
2026-01-13 21:07:27,2_5_8.json,2,5,8,15,1000,0,visits,True,334.0,0,460.0,32.0,-0.3772455089820359,1.5075750350952148
2026-01-13 21:07:29,2_5_9.json,2,5,9,16,1000,0,visits,True,394.0,0,412.0,0.0,-0.04568527918781726,1.8889391422271729
2026-01-13 21:07:31,2_5_10.json,2,5,10,17,1000,0,visits,True,450.0,0,478.0,16.0,-0.06222222222222222,1.9120712280273438
2026-01-13 21:07:32,2_5_11.json,2,5,11,18,1000,0,visits,True,402.0,0,538.0,36.0,-0.3383084577114428,1.2605078220367432
2026-01-13 21:07:34,2_5_12.json,2,5,12,19,1000,0,visits,True,434.0,0,458.0,3.0,-0.055299539170506916,1.9045710563659668
2026-01-13 21:07:35,2_5_13.json,2,5,13,20,1000,0,visits,True,424.0,0,600.0,69.0,-0.41509433962264153,1.513218879699707
2026-01-13 21:07:37,2_5_14.json,2,5,14,21,1000,0,visits,True,416.0,0,419.0,0.0,-0.007211538461538462,1.6226251125335693
2026-01-13 21:07:38,2_5_0.json,2,5,0,7,1000,0,q,True,420.0,0,508.0,22.0,-0.20952380952380953,1.8059661388397217
2026-01-13 21:07:38,2_5_15.json,2,5,15,22,1000,0,visits,True,356.0,0,452.0,4.0,-0.2696629213483146,1.2484021186828613
2026-01-13 21:07:39,2_5_1.json,2,5,1,8,1000,0,q,True,385.0,0,481.0,25.0,-0.24935064935064935,1.3173422813415527
2026-01-13 21:07:40,2_5_2.json,2,5,2,9,1000,0,q,True,339.0,0,408.0,7.0,-0.20353982300884957,1.1972088813781738
2026-01-13 21:07:41,2_5_3.json,2,5,3,10,1000,0,q,True,445.0,0,535.0,49.0,-0.20224719101123595,1.2854230403900146
2026-01-13 21:07:43,2_5_4.json,2,5,4,11,1000,0,q,True,408.0,0,459.0,0.0,-0.125,1.1907238960266113
2026-01-13 21:07:44,2_5_5.json,2,5,5,12,1000,0,q,True,362.0,0,472.0,36.0,-0.30386740331491713,1.3017010688781738
2026-01-13 21:07:45,2_5_6.json,2,5,6,13,1000,0,q,True,343.0,0,483.0,17.0,-0.40816326530612246,1.279155969619751
2026-01-13 21:07:47,2_5_7.json,2,5,7,14,1000,0,q,True,385.0,0,535.0,71.0,-0.38961038961038963,1.648263931274414
2026-01-13 21:08:39,2_5_0.json,2,5,0,7,1000,0,q,True,420.0,0,479.0,15.0,-0.14047619047619048,3.596223831176758
2026-01-13 21:08:43,2_5_1.json,2,5,1,8,1000,0,q,True,385.0,0,487.0,60.0,-0.2649350649350649,3.163372755050659
2026-01-13 21:08:46,2_5_2.json,2,5,2,9,1000,0,q,True,339.0,0,505.0,21.0,-0.4896755162241888,3.083937883377075
2026-01-13 21:08:49,2_5_3.json,2,5,3,10,1000,0,q,True,445.0,0,529.0,19.0,-0.18876404494382024,3.2075469493865967
2026-01-13 21:08:52,2_5_4.json,2,5,4,11,1000,0,q,True,408.0,0,559.0,25.0,-0.3700980392156863,3.0838537216186523
2026-01-13 21:08:55,2_5_5.json,2,5,5,12,1000,0,q,True,362.0,0,530.0,27.0,-0.46408839779005523,3.0431830883026123
2026-01-13 21:09:06,2_5_0.json,2,5,0,7,1000,0,q,True,420.0,0,479.0,15.0,-0.14047619047619048,1.571964979171753
2026-01-13 21:09:08,2_5_1.json,2,5,1,8,1000,0,q,True,385.0,0,487.0,60.0,-0.2649350649350649,1.2885067462921143
2026-01-13 21:09:09,2_5_2.json,2,5,2,9,1000,0,q,True,339.0,0,505.0,21.0,-0.4896755162241888,1.0483160018920898
2026-01-13 21:09:10,2_5_3.json,2,5,3,10,1000,0,q,True,445.0,0,529.0,19.0,-0.18876404494382024,1.3061740398406982
2026-01-13 21:09:11,2_5_4.json,2,5,4,11,1000,0,q,True,408.0,0,559.0,25.0,-0.3700980392156863,1.1303067207336426
2026-01-13 21:09:12,2_5_5.json,2,5,5,12,1000,0,q,True,362.0,0,530.0,27.0,-0.46408839779005523,1.2182819843292236
2026-01-13 21:09:13,2_5_6.json,2,5,6,13,1000,0,q,True,343.0,0,520.0,33.0,-0.5160349854227405,1.1525509357452393
2026-01-13 21:09:15,2_5_7.json,2,5,7,14,1000,0,q,True,385.0,0,534.0,79.0,-0.38701298701298703,1.5389869213104248
2026-01-13 21:09:16,2_5_8.json,2,5,8,15,1000,0,q,True,334.0,0,457.0,20.0,-0.36826347305389223,1.307485818862915
2026-01-13 21:09:18,2_5_9.json,2,5,9,16,1000,0,q,True,394.0,0,506.0,22.0,-0.28426395939086296,1.932981014251709
2026-01-13 21:09:20,2_5_10.json,2,5,10,17,1000,0,q,True,450.0,0,516.0,21.0,-0.14666666666666667,1.9723639488220215
2026-01-13 21:09:21,2_5_11.json,2,5,11,18,1000,0,q,True,402.0,0,512.0,40.0,-0.2736318407960199,1.2597508430480957
2026-01-13 21:09:23,2_5_12.json,2,5,12,19,1000,0,q,True,434.0,0,524.0,22.0,-0.2073732718894009,1.9654109477996826
2026-01-13 21:09:25,2_5_13.json,2,5,13,20,1000,0,q,True,424.0,0,537.0,10.0,-0.2665094339622642,1.2592260837554932
2026-01-13 21:09:27,2_5_14.json,2,5,14,21,1000,0,q,True,416.0,0,467.0,12.0,-0.12259615384615384,1.852405071258545
2026-01-13 21:09:28,2_5_15.json,2,5,15,22,1000,0,q,True,356.0,0,494.0,50.0,-0.38764044943820225,1.2748630046844482
2026-01-13 21:18:21,2_5_0.json,2,5,0,7,1000,0,q,True,420.0,0,518.0,18.0,-0.23333333333333334,1.9918620586395264
2026-01-13 21:18:23,2_5_1.json,2,5,1,8,1000,0,q,True,385.0,0,533.0,25.0,-0.38441558441558443,1.556171178817749
2026-01-13 21:18:24,2_5_2.json,2,5,2,9,1000,0,q,True,339.0,0,461.0,4.0,-0.35988200589970504,1.4916491508483887
2026-01-13 21:18:26,2_5_3.json,2,5,3,10,1000,0,q,True,445.0,0,512.0,17.0,-0.15056179775280898,1.5780580043792725
2026-01-13 21:18:27,2_5_4.json,2,5,4,11,1000,0,q,True,408.0,0,458.0,2.0,-0.12254901960784313,1.4810543060302734
2026-01-13 21:18:29,2_5_5.json,2,5,5,12,1000,0,q,True,362.0,0,470.0,16.0,-0.2983425414364641,1.4477298259735107
2026-01-13 21:18:30,2_5_6.json,2,5,6,13,1000,0,q,True,343.0,0,480.0,24.0,-0.39941690962099125,1.5075020790100098
2026-01-13 21:18:33,2_5_7.json,2,5,7,14,1000,0,q,True,385.0,0,424.0,1.0,-0.1012987012987013,2.22348690032959
2026-01-13 21:18:34,2_5_8.json,2,5,8,15,1000,0,q,True,334.0,0,484.0,14.0,-0.4491017964071856,1.461801290512085
2026-01-13 21:18:36,2_5_9.json,2,5,9,16,1000,0,q,True,394.0,0,435.0,0.0,-0.10406091370558376,2.311527967453003
2026-01-14 12:47:13,2_5_0.json,2,5,0,7,1000,0,q,True,420.0,0,602.0,71.0,-0.43333333333333335,2.5371501445770264
2026-01-14 12:47:15,2_5_1.json,2,5,1,8,1000,0,q,True,385.0,0,1200.0,652.0,-2.116883116883117,1.7574117183685303
2026-01-14 12:47:16,2_5_2.json,2,5,2,9,1000,0,q,True,339.0,0,852.0,475.0,-1.5132743362831858,1.8027257919311523
2026-01-14 12:47:18,2_5_3.json,2,5,3,10,1000,0,q,True,445.0,0,1118.0,564.0,-1.5123595505617977,1.955415964126587
2026-01-14 12:47:20,2_5_4.json,2,5,4,11,1000,0,q,True,408.0,0,700.0,168.0,-0.7156862745098039,1.7067689895629883
2026-01-14 12:47:22,2_5_5.json,2,5,5,12,1000,0,q,True,362.0,0,1251.0,754.0,-2.455801104972376,1.8790309429168701
2026-01-14 12:47:24,2_5_6.json,2,5,6,13,1000,0,q,True,343.0,0,1269.0,776.0,-2.6997084548104957,1.9335060119628906
2026-01-14 12:47:27,2_5_7.json,2,5,7,14,1000,0,q,True,385.0,0,840.0,336.0,-1.1818181818181819,2.6241672039031982
2026-01-14 12:47:28,2_5_8.json,2,5,8,15,1000,0,q,True,334.0,0,1009.0,440.0,-2.0209580838323356,1.9620411396026611
2026-01-14 12:47:31,2_5_9.json,2,5,9,16,1000,0,q,True,394.0,0,484.0,20.0,-0.22842639593908629,2.6008403301239014
2026-01-14 12:47:34,2_5_10.json,2,5,10,17,1000,0,q,True,450.0,0,613.0,97.0,-0.3622222222222222,2.4860270023345947
2026-01-14 12:47:35,2_5_11.json,2,5,11,18,1000,0,q,True,402.0,0,1390.0,1140.0,-2.45771144278607,1.9365251064300537
2026-01-14 12:47:38,2_5_12.json,2,5,12,19,1000,0,q,True,434.0,0,914.0,570.0,-1.1059907834101383,2.8076229095458984
2026-01-14 12:47:40,2_5_13.json,2,5,13,20,1000,0,q,True,424.0,0,1092.0,561.0,-1.5754716981132075,1.763322114944458
2026-01-14 12:47:43,2_5_14.json,2,5,14,21,1000,0,q,True,416.0,0,617.0,143.0,-0.4831730769230769,2.591790199279785
2026-01-14 12:47:44,2_5_15.json,2,5,15,22,1000,0,q,True,356.0,0,1225.0,789.0,-2.441011235955056,1.764594316482544
2026-01-14 12:47:46,2_5_16.json,2,5,16,23,1000,0,q,True,417.0,0,1601.0,1234.0,-2.839328537170264,1.8767712116241455
2026-01-14 12:47:48,2_5_17.json,2,5,17,24,1000,0,q,True,359.0,0,1016.0,521.0,-1.83008356545961,1.8983418941497803
2026-01-14 12:47:51,2_5_18.json,2,5,18,25,1000,0,q,True,372.0,0,796.0,321.0,-1.1397849462365592,2.513090133666992
2026-01-14 12:47:51,2_5_0.json,2,5,0,7,100,0,q,True,420.0,0,1117.0,744.0,-1.6595238095238096,0.33193397521972656
2026-01-14 12:47:51,2_5_1.json,2,5,1,8,100,0,q,True,385.0,0,1081.0,692.0,-1.8077922077922077,0.21050810813903809
2026-01-14 12:47:51,2_5_2.json,2,5,2,9,100,0,q,True,339.0,0,1098.0,695.0,-2.2389380530973453,0.22846722602844238
2026-01-14 12:47:51,2_5_3.json,2,5,3,10,100,0,q,True,445.0,0,1161.0,567.0,-1.6089887640449438,0.22313714027404785
2026-01-14 12:47:52,2_5_4.json,2,5,4,11,100,0,q,True,408.0,0,1283.0,925.0,-2.144607843137255,0.21255707740783691
2026-01-14 12:47:52,2_5_5.json,2,5,5,12,100,0,q,True,362.0,0,1519.0,1001.0,-3.196132596685083,0.2181837558746338
2026-01-14 12:47:52,2_5_6.json,2,5,6,13,100,0,q,True,343.0,0,1083.0,635.0,-2.1574344023323615,0.22288084030151367
2026-01-14 12:47:52,2_5_7.json,2,5,7,14,100,0,q,True,385.0,0,635.0,108.0,-0.6493506493506493,0.31323695182800293
2026-01-14 12:47:53,2_5_8.json,2,5,8,15,100,0,q,True,334.0,0,967.0,536.0,-1.8952095808383234,0.22184181213378906
2026-01-14 12:47:53,2_5_9.json,2,5,9,16,100,0,q,True,394.0,0,785.0,301.0,-0.9923857868020305,0.313277006149292
2026-01-14 12:47:53,2_5_10.json,2,5,10,17,100,0,q,True,450.0,0,1294.0,906.0,-1.8755555555555556,0.2769300937652588
2026-01-14 12:47:53,2_5_11.json,2,5,11,18,100,0,q,True,402.0,0,1831.0,1517.0,-3.554726368159204,0.2188117504119873
2026-01-14 12:47:54,2_5_12.json,2,5,12,19,100,0,q,True,434.0,0,984.0,617.0,-1.2672811059907834,0.29769396781921387
2026-01-14 12:47:54,2_5_13.json,2,5,13,20,100,0,q,True,424.0,0,1085.0,730.0,-1.5589622641509433,0.21774625778198242
2026-01-14 12:47:54,2_5_14.json,2,5,14,21,100,0,q,True,416.0,0,1167.0,907.0,-1.8052884615384615,0.280271053314209
2026-01-14 12:47:54,2_5_15.json,2,5,15,22,100,0,q,True,356.0,0,1333.0,936.0,-2.74438202247191,0.21100807189941406
2026-01-14 12:47:55,2_5_16.json,2,5,16,23,100,0,q,True,417.0,0,1430.0,1054.0,-2.4292565947242206,0.24360990524291992
2026-01-14 12:47:55,2_5_17.json,2,5,17,24,100,0,q,True,359.0,0,1317.0,980.0,-2.668523676880223,0.21510982513427734
2026-01-14 12:47:55,2_5_18.json,2,5,18,25,100,0,q,True,372.0,0,682.0,165.0,-0.8333333333333334,0.32356810569763184
2026-01-14 12:47:55,2_5_19.json,2,5,19,26,100,0,q,True,424.0,0,893.0,513.0,-1.1061320754716981,0.2854037284851074
2026-01-14 12:47:56,2_5_20.json,2,5,20,27,100,0,q,True,396.0,0,906.0,400.0,-1.2878787878787878,0.3007378578186035
2026-01-14 12:47:56,2_5_21.json,2,5,21,28,100,0,q,True,475.0,0,1228.0,1037.0,-1.585263157894737,0.31697988510131836
2026-01-14 12:47:56,2_5_22.json,2,5,22,29,100,0,q,True,373.0,0,1452.0,1056.0,-2.8927613941018766,0.21829485893249512
2026-01-14 12:47:57,2_5_23.json,2,5,23,30,100,0,q,True,358.0,0,988.0,523.0,-1.7597765363128492,0.23487091064453125
2026-01-14 12:47:57,2_5_24.json,2,5,24,31,100,0,q,True,491.0,0,972.0,480.0,-0.9796334012219959,0.30114006996154785
2026-01-14 12:47:57,2_5_25.json,2,5,25,32,100,0,q,True,458.0,0,934.0,475.0,-1.039301310043668,0.3212149143218994
2026-01-14 12:47:57,2_5_26.json,2,5,26,33,100,0,q,True,464.0,0,1014.0,591.0,-1.1853448275862069,0.28842806816101074
2026-01-14 12:47:58,2_5_27.json,2,5,27,34,100,0,q,True,415.0,0,1349.0,929.0,-2.2506024096385544,0.21117067337036133
2026-01-14 12:47:58,2_5_28.json,2,5,28,35,100,0,q,True,439.0,0,741.0,222.0,-0.6879271070615034,0.30929017066955566
2026-01-14 12:47:58,2_5_29.json,2,5,29,36,100,0,q,True,410.0,0,696.0,293.0,-0.697560975609756,0.3074648380279541
2026-01-14 12:50:14,2_5_0.json,2,5,0,7,100,0,q,True,420.0,0,493.0,6.0,-0.1738095238095238,0.29372477531433105
2026-01-14 12:50:14,2_5_1.json,2,5,1,8,100,0,q,True,385.0,0,439.0,0.0,-0.14025974025974025,0.1809992790222168
2026-01-14 12:50:14,2_5_2.json,2,5,2,9,100,0,q,True,339.0,0,416.0,0.0,-0.22713864306784662,0.19231319427490234
2026-01-14 12:50:14,2_5_3.json,2,5,3,10,100,0,q,True,445.0,0,421.0,1.0,0.05393258426966292,0.19602727890014648
2026-01-14 12:50:14,2_5_4.json,2,5,4,11,100,0,q,True,408.0,0,523.0,32.0,-0.2818627450980392,0.18837571144104004
2026-01-14 12:50:15,2_5_5.json,2,5,5,12,100,0,q,True,362.0,0,437.0,1.0,-0.20718232044198895,0.17838096618652344
2026-01-14 12:50:15,2_5_6.json,2,5,6,13,100,0,q,True,343.0,0,416.0,0.0,-0.21282798833819241,0.18775606155395508
2026-01-14 12:50:15,2_5_7.json,2,5,7,14,100,0,q,True,385.0,0,436.0,15.0,-0.13246753246753246,0.2173750400543213
2026-01-14 12:50:15,2_5_8.json,2,5,8,15,100,0,q,True,334.0,0,349.0,0.0,-0.04491017964071856,0.1842937469482422
2026-01-14 12:50:15,2_5_9.json,2,5,9,16,100,0,q,True,394.0,0,443.0,1.0,-0.12436548223350254,0.23468899726867676
2026-01-14 12:50:16,2_5_10.json,2,5,10,17,100,0,q,True,450.0,0,480.0,3.0,-0.06666666666666667,0.23510289192199707
2026-01-14 12:50:16,2_5_11.json,2,5,11,18,100,0,q,True,402.0,0,473.0,26.0,-0.17661691542288557,0.18385982513427734
2026-01-14 12:50:16,2_5_12.json,2,5,12,19,100,0,q,True,434.0,0,505.0,10.0,-0.16359447004608296,0.22623991966247559
2026-01-14 12:50:16,2_5_13.json,2,5,13,20,100,0,q,True,424.0,0,483.0,2.0,-0.1391509433962264,0.19014501571655273
2026-01-14 12:50:17,2_5_14.json,2,5,14,21,100,0,q,True,416.0,0,436.0,4.0,-0.04807692307692308,0.22376513481140137
2026-01-14 12:50:17,2_5_15.json,2,5,15,22,100,0,q,True,356.0,0,415.0,9.0,-0.16573033707865167,0.18312311172485352
2026-01-14 12:50:17,2_5_16.json,2,5,16,23,100,0,q,True,417.0,0,461.0,8.0,-0.10551558752997602,0.18550395965576172
2026-01-14 12:50:17,2_5_17.json,2,5,17,24,100,0,q,True,359.0,0,454.0,16.0,-0.2646239554317549,0.1765439510345459
2026-01-14 12:50:17,2_5_18.json,2,5,18,25,100,0,q,True,372.0,0,457.0,19.0,-0.22849462365591397,0.2216050624847412
2026-01-14 12:50:18,2_5_19.json,2,5,19,26,100,0,q,True,424.0,0,498.0,6.0,-0.17452830188679244,0.22622919082641602
2026-01-14 12:50:18,2_5_20.json,2,5,20,27,100,0,q,True,396.0,0,433.0,3.0,-0.09343434343434344,0.23894619941711426
2026-01-14 12:50:18,2_5_21.json,2,5,21,28,100,0,q,True,475.0,0,516.0,1.0,-0.0863157894736842,0.2434861660003662
2026-01-14 12:50:18,2_5_22.json,2,5,22,29,100,0,q,True,373.0,0,483.0,4.0,-0.2949061662198391,0.19888520240783691
2026-01-14 12:50:18,2_5_23.json,2,5,23,30,100,0,q,True,358.0,0,456.0,3.0,-0.2737430167597765,0.19380593299865723
2026-01-14 12:50:19,2_5_24.json,2,5,24,31,100,0,q,True,491.0,0,514.0,0.0,-0.04684317718940937,0.2295222282409668
2026-01-14 12:50:19,2_5_25.json,2,5,25,32,100,0,q,True,458.0,0,451.0,5.0,0.015283842794759825,0.2456650733947754
2026-01-14 12:50:19,2_5_26.json,2,5,26,33,100,0,q,True,464.0,0,494.0,3.0,-0.06465517241379311,0.22685694694519043
2026-01-14 12:50:19,2_5_27.json,2,5,27,34,100,0,q,True,415.0,0,405.0,0.0,0.024096385542168676,0.18798112869262695
2026-01-14 12:50:20,2_5_28.json,2,5,28,35,100,0,q,True,439.0,0,459.0,4.0,-0.04555808656036447,0.2205801010131836
2026-01-14 12:50:20,2_5_29.json,2,5,29,36,100,0,q,True,410.0,0,450.0,1.0,-0.0975609756097561,0.2283918857574463
2026-01-14 12:51:44,2_5_0.json,2,5,0,7,100,0,q,True,420.0,0,413.0,0.0,0.016666666666666666,0.2369070053100586
2026-01-14 12:51:44,2_5_1.json,2,5,1,8,100,0,q,True,385.0,0,377.0,0.0,0.02077922077922078,0.17794489860534668
2026-01-14 12:51:44,2_5_2.json,2,5,2,9,100,0,q,True,339.0,0,339.0,0.0,0.0,0.1844170093536377
2026-01-14 12:51:44,2_5_3.json,2,5,3,10,100,0,q,True,445.0,0,402.0,0.0,0.09662921348314607,0.19001173973083496
2026-01-14 12:51:44,2_5_4.json,2,5,4,11,100,0,q,True,408.0,0,406.0,0.0,0.004901960784313725,0.17613887786865234
2026-01-14 12:51:45,2_5_5.json,2,5,5,12,100,0,q,True,362.0,0,362.0,0.0,0.0,0.1760399341583252
2026-01-14 12:51:45,2_5_6.json,2,5,6,13,100,0,q,True,343.0,0,343.0,0.0,0.0,0.18696093559265137
2026-01-14 12:51:45,2_5_7.json,2,5,7,14,100,0,q,True,385.0,0,385.0,0.0,0.0,0.20879888534545898
2026-01-14 12:51:45,2_5_8.json,2,5,8,15,100,0,q,True,334.0,0,334.0,0.0,0.0,0.18226003646850586
2026-01-14 12:51:45,2_5_9.json,2,5,9,16,100,0,q,True,394.0,0,385.0,0.0,0.02284263959390863,0.23332881927490234
2026-01-14 12:51:46,2_5_10.json,2,5,10,17,100,0,q,True,450.0,0,409.0,0.0,0.09111111111111111,0.20899724960327148
2026-01-14 12:51:46,2_5_11.json,2,5,11,18,100,0,q,True,402.0,0,398.0,0.0,0.009950248756218905,0.17609786987304688
2026-01-14 12:51:46,2_5_12.json,2,5,12,19,100,0,q,True,434.0,0,420.0,0.0,0.03225806451612903,0.22106480598449707
2026-01-14 12:51:46,2_5_13.json,2,5,13,20,100,0,q,True,424.0,0,412.0,0.0,0.02830188679245283,0.18554902076721191
2026-01-14 12:51:46,2_5_14.json,2,5,14,21,100,0,q,True,416.0,0,397.0,0.0,0.04567307692307692,0.2200160026550293
2026-01-14 12:51:47,2_5_15.json,2,5,15,22,100,0,q,True,356.0,0,356.0,0.0,0.0,0.18042397499084473
2026-01-14 12:51:47,2_5_16.json,2,5,16,23,100,0,q,True,417.0,0,417.0,0.0,0.0,0.1748518943786621
2026-01-14 12:51:47,2_5_17.json,2,5,17,24,100,0,q,True,359.0,0,359.0,0.0,0.0,0.17940187454223633
2026-01-14 12:51:47,2_5_18.json,2,5,18,25,100,0,q,True,372.0,0,372.0,0.0,0.0,0.2161271572113037
2026-01-14 12:51:47,2_5_19.json,2,5,19,26,100,0,q,True,424.0,0,424.0,0.0,0.0,0.2263331413269043
2026-01-14 12:51:48,2_5_20.json,2,5,20,27,100,0,q,True,396.0,0,383.0,0.0,0.03282828282828283,0.22304725646972656
2026-01-14 12:51:48,2_5_21.json,2,5,21,28,100,0,q,True,475.0,0,443.0,0.0,0.06736842105263158,0.24378180503845215
2026-01-14 12:51:48,2_5_22.json,2,5,22,29,100,0,q,True,373.0,0,370.0,0.0,0.00804289544235925,0.1875007152557373
2026-01-14 12:51:48,2_5_23.json,2,5,23,30,100,0,q,True,358.0,0,352.0,0.0,0.01675977653631285,0.17563486099243164
2026-01-14 12:51:48,2_5_24.json,2,5,24,31,100,0,q,True,491.0,0,471.0,0.0,0.04073319755600815,0.22241687774658203
2026-01-14 12:51:49,2_5_25.json,2,5,25,32,100,0,q,True,458.0,0,438.0,0.0,0.043668122270742356,0.22669601440429688
2026-01-14 12:51:49,2_5_26.json,2,5,26,33,100,0,q,True,464.0,0,452.0,0.0,0.02586206896551724,0.24240899085998535
2026-01-14 12:51:49,2_5_27.json,2,5,27,34,100,0,q,True,415.0,0,392.0,0.0,0.05542168674698795,0.18718171119689941
2026-01-14 12:51:49,2_5_28.json,2,5,28,35,100,0,q,True,439.0,0,431.0,0.0,0.018223234624145785,0.19789600372314453
2026-01-14 12:51:50,2_5_29.json,2,5,29,36,100,0,q,True,410.0,0,410.0,0.0,0.0,0.22610831260681152
2026-01-14 12:56:50,2_50_0.json,2,50,0,7,100,0,q,True,4411.0,0,4326.0,0.0,0.019270006801178872,191.88476490974426
2026-01-14 12:59:59,2_50_1.json,2,50,1,8,100,0,q,True,4396.0,0,4265.0,0.0,0.029799818016378526,189.29230880737305
2026-01-14 13:02:35,2_50_2.json,2,50,2,9,100,0,q,True,4576.0,0,4901.0,42.0,-0.07102272727272728,155.61493682861328
2026-01-14 13:05:22,2_50_3.json,2,50,3,10,100,0,q,True,4765.0,0,4419.0,0.0,0.07261280167890871,166.7658519744873
2026-01-14 13:08:05,2_50_4.json,2,50,4,11,100,0,q,True,4611.0,0,4232.0,0.0,0.08219475168076339,162.93697309494019
2026-01-14 13:10:48,2_50_5.json,2,50,5,12,100,0,q,True,4607.0,0,4978.0,68.0,-0.08052962882570003,163.00274324417114
2026-01-14 13:13:29,2_50_6.json,2,50,6,13,100,0,q,True,4127.0,0,3968.0,0.0,0.038526774897019625,161.19223403930664
2026-01-14 13:16:13,2_50_7.json,2,50,7,14,100,0,q,True,4567.0,0,4269.0,0.0,0.06525071162688854,164.1035180091858
2026-01-14 13:18:55,2_50_8.json,2,50,8,15,100,0,q,True,4692.0,0,4385.0,0.0,0.0654305200341006,161.81772589683533
2026-01-14 13:21:37,2_50_9.json,2,50,9,16,100,0,q,True,4483.0,0,4576.0,17.0,-0.02074503680571046,162.27304697036743
2026-01-14 13:24:19,2_50_10.json,2,50,10,17,100,0,q,True,4615.0,0,4770.0,71.0,-0.03358613217768147,162.31654000282288
2026-01-14 13:27:02,2_50_11.json,2,50,11,18,100,0,q,True,4598.0,0,4285.0,0.0,0.06807307525010874,163.1033959388733
2026-01-14 13:29:46,2_50_12.json,2,50,12,19,100,0,q,True,4552.0,0,4294.0,0.0,0.056678383128295255,164.05159997940063
2026-01-14 13:32:34,2_50_13.json,2,50,13,20,100,0,q,True,4420.0,0,4326.0,0.0,0.021266968325791856,167.31043815612793
2026-01-14 13:35:23,2_50_14.json,2,50,14,21,100,0,q,True,4663.0,0,4368.0,0.0,0.06326399313746515,169.58032202720642
2026-01-14 13:38:16,2_50_15.json,2,50,15,22,100,0,q,True,4688.0,0,4482.0,5.0,0.0439419795221843,172.9900348186493
2026-01-14 13:40:57,2_50_16.json,2,50,16,23,100,0,q,True,4628.0,0,4473.0,28.0,0.03349178910976664,160.31923818588257
2026-01-14 13:43:35,2_50_17.json,2,50,17,24,100,0,q,True,4435.0,0,4310.0,0.0,0.02818489289740699,158.71718621253967
2026-01-14 13:50:43,2_20_0.json,2,20,0,7,100,0,q,True,1815.0,0,1716.0,0.0,0.05454545454545454,10.55575704574585
2026-01-14 13:50:55,2_20_1.json,2,20,1,8,100,0,q,True,1681.0,0,1594.0,0.0,0.05175490779298037,11.490226030349731
2026-01-14 13:51:05,2_20_2.json,2,20,2,9,100,0,q,True,1808.0,0,1727.0,7.0,0.04480088495575221,10.202795028686523
2026-01-14 13:51:15,2_20_3.json,2,20,3,10,100,0,q,True,1586.0,0,1552.0,0.0,0.021437578814627996,10.310189008712769
2026-01-14 13:51:27,2_20_4.json,2,20,4,11,100,0,q,True,1932.0,0,1871.0,0.0,0.03157349896480331,11.521080017089844
2026-01-14 13:51:38,2_20_5.json,2,20,5,12,100,0,q,True,1793.0,0,1731.0,0.0,0.03457891801450084,11.418973922729492
2026-01-14 13:51:50,2_20_6.json,2,20,6,13,100,0,q,True,1757.0,0,1744.0,0.0,0.007398975526465566,11.587991952896118
2026-01-14 13:52:01,2_20_7.json,2,20,7,14,100,0,q,True,1876.0,0,1750.0,0.0,0.06716417910447761,11.18790602684021
2026-01-14 13:52:12,2_20_8.json,2,20,8,15,100,0,q,True,1754.0,0,1742.0,0.0,0.0068415051311288486,11.074891805648804
2026-01-14 13:52:22,2_20_9.json,2,20,9,16,100,0,q,True,1788.0,0,1731.0,0.0,0.031879194630872486,10.066972017288208
2026-01-14 13:52:32,2_20_10.json,2,20,10,17,100,0,q,True,1885.0,0,1831.0,0.0,0.028647214854111407,10.17002010345459
2026-01-14 13:52:52,2_20_2.json,2,20,2,9,100,0,q,True,1808.0,0,1727.0,7.0,0.04480088495575221,10.229099035263062
2026-01-14 13:53:38,2_20_2.json,2,20,2,9,300,0,q,True,1808.0,0,1727.0,7.0,0.04480088495575221,27.57072615623474
2026-01-14 13:53:48,2_20_2.json,2,20,2,9,10,0,q,True,1808.0,0,1727.0,7.0,0.04480088495575221,1.2274038791656494
2026-01-14 13:53:54,2_20_2.json,2,20,2,9,1,0,q,True,1808.0,0,4476.0,2121.0,-1.4756637168141593,0.17970681190490723
2026-01-14 13:54:08,2_20_2.json,2,20,2,9,10,0,q,True,1808.0,0,1727.0,7.0,0.04480088495575221,1.2194719314575195
2026-01-14 13:55:11,2_20_2.json,2,20,2,9,1,0,q,True,1808.0,0,4476.0,2121.0,-1.4756637168141593,0.20581293106079102
2026-01-14 14:02:39,2_20_2.json,2,20,2,9,1,0,q,True,1808.0,0,4476.0,2121.0,-1.4756637168141593,0.17762303352355957
2026-01-14 14:06:38,2_20_2.json,2,20,2,9,1,0,q,True,1808.0,0,6854.0,4789.0,-2.790929203539823,0.207319974899292
2026-01-14 14:13:52,2_20_2.json,2,20,2,9,2,0,q,True,1808.0,0,1778.0,0.0,0.016592920353982302,0.3125431537628174
2026-01-14 14:14:33,2_20_2.json,2,20,2,9,2,0,q,True,1808.0,0,1778.0,0.0,0.016592920353982302,0.31415486335754395
2026-01-14 14:15:05,2_20_0.json,2,20,0,7,2,0,q,True,1815.0,0,1717.0,0.0,0.05399449035812672,0.30629491806030273
2026-01-14 14:15:05,2_20_1.json,2,20,1,8,2,0,q,True,1681.0,0,1589.0,0.0,0.054729327781082686,0.3092079162597656
2026-01-14 14:15:05,2_20_2.json,2,20,2,9,2,0,q,True,1808.0,0,1778.0,0.0,0.016592920353982302,0.2787339687347412
2026-01-14 14:15:06,2_20_3.json,2,20,3,10,2,0,q,True,1586.0,0,1552.0,0.0,0.021437578814627996,0.27285313606262207
2026-01-14 14:15:06,2_20_4.json,2,20,4,11,2,0,q,True,1932.0,0,1874.0,0.0,0.030020703933747412,0.3139991760253906
2026-01-14 14:15:06,2_20_5.json,2,20,5,12,2,0,q,True,1793.0,0,1715.0,0.0,0.04350250976017847,0.31062817573547363
2026-01-14 14:15:07,2_20_6.json,2,20,6,13,2,0,q,True,1757.0,0,1748.0,0.0,0.005122367672168469,0.32138586044311523
2026-01-14 14:15:07,2_20_7.json,2,20,7,14,2,0,q,True,1876.0,0,1772.0,0.0,0.05543710021321962,0.3094637393951416
2026-01-14 14:15:07,2_20_8.json,2,20,8,15,2,0,q,True,1754.0,0,1705.0,0.0,0.027936145952109463,0.2998528480529785
2026-01-14 14:15:07,2_20_9.json,2,20,9,16,2,0,q,True,1788.0,0,1750.0,0.0,0.021252796420581657,0.27744102478027344
2026-01-14 14:15:08,2_20_10.json,2,20,10,17,2,0,q,True,1885.0,0,1844.0,0.0,0.021750663129973476,0.2709670066833496
2026-01-14 14:15:08,2_20_11.json,2,20,11,18,2,0,q,True,1820.0,0,1753.0,0.0,0.036813186813186814,0.2732112407684326
2026-01-14 14:15:08,2_20_12.json,2,20,12,19,2,0,q,True,1787.0,0,1789.0,0.0,-0.001119194180190263,0.27765703201293945
2026-01-14 14:15:09,2_20_13.json,2,20,13,20,2,0,q,True,1706.0,0,1662.0,0.0,0.02579132473622509,0.36516666412353516
2026-01-14 14:15:09,2_20_14.json,2,20,14,21,2,0,q,True,1858.0,0,1791.0,0.0,0.03606027987082885,0.3943767547607422
2026-01-14 14:15:09,2_20_15.json,2,20,15,22,2,0,q,True,1864.0,0,1808.0,0.0,0.030042918454935622,0.29813671112060547
2026-01-14 14:15:10,2_20_16.json,2,20,16,23,2,0,q,True,1933.0,0,1785.0,1.0,0.07656492498706674,0.3158230781555176
2026-01-14 14:15:10,2_20_17.json,2,20,17,24,2,0,q,True,1844.0,0,1726.0,0.0,0.06399132321041215,0.2846567630767822
2026-01-14 14:15:10,2_20_18.json,2,20,18,25,2,0,q,True,1713.0,0,1679.0,0.0,0.0198482194979568,0.29541516304016113
2026-01-14 14:15:11,2_20_19.json,2,20,19,26,2,0,q,True,1807.0,0,1743.0,0.0,0.03541781959048146,0.30698299407958984
2026-01-14 14:15:11,2_20_20.json,2,20,20,27,2,0,q,True,1768.0,0,1873.0,8.0,-0.05938914027149321,0.27074289321899414
2026-01-14 14:15:11,2_20_21.json,2,20,21,28,2,0,q,True,1817.0,0,1713.0,0.0,0.05723720418271877,0.2699010372161865
2026-01-14 14:15:11,2_20_22.json,2,20,22,29,2,0,q,True,1795.0,0,1688.0,0.0,0.0596100278551532,0.2779712677001953
2026-01-14 14:15:12,2_20_23.json,2,20,23,30,2,0,q,True,1759.0,0,1699.0,0.0,0.03411028993746447,0.31014299392700195
2026-01-14 14:15:12,2_20_24.json,2,20,24,31,2,0,q,True,1724.0,0,1609.0,0.0,0.06670533642691415,0.29947900772094727
2026-01-14 14:15:12,2_20_25.json,2,20,25,32,2,0,q,True,1732.0,0,1613.0,0.0,0.0687066974595843,0.2736530303955078
2026-01-14 14:15:13,2_20_26.json,2,20,26,33,2,0,q,True,1843.0,0,1772.0,0.0,0.0385241454150841,0.30545806884765625
2026-01-14 14:15:13,2_20_27.json,2,20,27,34,2,0,q,True,1718.0,0,1586.0,0.0,0.07683352735739232,0.271618127822876
2026-01-14 14:15:13,2_20_28.json,2,20,28,35,2,0,q,True,1564.0,0,1553.0,0.0,0.007033248081841432,0.2982211112976074
2026-01-14 14:15:13,2_20_29.json,2,20,29,36,2,0,q,True,1750.0,0,1736.0,0.0,0.008,0.27413010597229004
2026-01-14 14:16:21,2_20_20.json,2,20,20,27,2,0,q,True,1768.0,0,1873.0,8.0,-0.05938914027149321,0.30684614181518555
2026-01-14 14:16:36,2_20_20.json,2,20,20,27,2,0,q,True,1768.0,0,1873.0,8.0,-0.05938914027149321,0.3161139488220215
2026-01-14 14:17:23,2_20_20.json,2,20,20,27,2,0,q,True,1768.0,0,1873.0,8.0,-0.05938914027149321,0.32287096977233887
2026-01-14 14:18:51,2_20_20.json,2,20,20,27,2,0,q,True,1768.0,0,1873.0,8.0,-0.05938914027149321,0.3010730743408203
2026-01-14 14:25:37,2_20_20.json,2,20,20,27,2,0,q,True,1768.0,0,1873.0,8.0,-0.05938914027149321,0.31149888038635254
2026-01-14 14:26:06,2_20_20.json,2,20,20,27,2,0,q,True,1768.0,0,1873.0,8.0,-0.05938914027149321,0.3176567554473877
2026-01-14 15:20:12,2_20_20.json,2,20,20,27,2,0,q,True,1768.0,0,1762.0,0.0,0.003393665158371041,0.3076040744781494
2026-01-14 15:20:50,2_20_20.json,2,20,20,27,2,0,q,True,1768.0,0,1762.0,0.0,0.003393665158371041,0.30031299591064453
2026-01-14 15:21:16,2_20_0.json,2,20,0,7,2,0,q,True,1815.0,0,1717.0,0.0,0.05399449035812672,0.29195213317871094
2026-01-14 15:21:17,2_20_1.json,2,20,1,8,2,0,q,True,1681.0,0,1589.0,0.0,0.054729327781082686,0.30007004737854004
2026-01-14 15:21:17,2_20_2.json,2,20,2,9,2,0,q,True,1808.0,0,1778.0,0.0,0.016592920353982302,0.2609431743621826
2026-01-14 15:21:17,2_20_3.json,2,20,3,10,2,0,q,True,1586.0,0,1552.0,0.0,0.021437578814627996,0.26349377632141113
2026-01-14 15:21:18,2_20_4.json,2,20,4,11,2,0,q,True,1932.0,0,1874.0,0.0,0.030020703933747412,0.29230618476867676
2026-01-14 15:21:18,2_20_5.json,2,20,5,12,2,0,q,True,1793.0,0,1715.0,0.0,0.04350250976017847,0.2893648147583008
2026-01-14 15:21:18,2_20_6.json,2,20,6,13,2,0,q,True,1757.0,0,1743.0,0.0,0.00796812749003984,0.2978661060333252
2026-01-14 15:21:18,2_20_7.json,2,20,7,14,2,0,q,True,1876.0,0,1772.0,0.0,0.05543710021321962,0.2857179641723633
2026-01-14 15:21:19,2_20_8.json,2,20,8,15,2,0,q,True,1754.0,0,1705.0,0.0,0.027936145952109463,0.2819232940673828
2026-01-14 15:21:19,2_20_9.json,2,20,9,16,2,0,q,True,1788.0,0,1750.0,0.0,0.021252796420581657,0.26281070709228516
2026-01-14 15:21:19,2_20_10.json,2,20,10,17,2,0,q,True,1885.0,0,1838.0,0.0,0.02493368700265252,0.2578151226043701
2026-01-14 15:21:20,2_20_11.json,2,20,11,18,2,0,q,True,1820.0,0,1748.0,0.0,0.03956043956043956,0.25894689559936523
2026-01-14 15:21:20,2_20_12.json,2,20,12,19,2,0,q,True,1787.0,0,1731.0,0.0,0.03133743704532736,0.26390719413757324
2026-01-14 15:21:20,2_20_13.json,2,20,13,20,2,0,q,True,1706.0,0,1662.0,0.0,0.02579132473622509,0.27823376655578613
2026-01-14 15:21:20,2_20_14.json,2,20,14,21,2,0,q,True,1858.0,0,1791.0,0.0,0.03606027987082885,0.3041520118713379
2026-01-14 15:21:21,2_20_15.json,2,20,15,22,2,0,q,True,1864.0,0,1808.0,0.0,0.030042918454935622,0.2788228988647461
2026-01-14 15:21:21,2_20_16.json,2,20,16,23,2,0,q,True,1933.0,0,1781.0,1.0,0.07863424728401448,0.29161500930786133
2026-01-14 15:21:21,2_20_17.json,2,20,17,24,2,0,q,True,1844.0,0,1726.0,0.0,0.06399132321041215,0.2676551342010498
2026-01-14 15:21:22,2_20_18.json,2,20,18,25,2,0,q,True,1713.0,0,1679.0,0.0,0.0198482194979568,0.28215909004211426
2026-01-14 15:21:22,2_20_19.json,2,20,19,26,2,0,q,True,1807.0,0,1738.0,0.0,0.03818483674598783,0.2916290760040283
2026-01-14 15:21:22,2_20_20.json,2,20,20,27,2,0,q,True,1768.0,0,1762.0,0.0,0.003393665158371041,0.2579188346862793
2026-01-14 15:21:22,2_20_21.json,2,20,21,28,2,0,q,True,1817.0,0,1713.0,0.0,0.05723720418271877,0.3150949478149414
2026-01-14 15:21:23,2_20_22.json,2,20,22,29,2,0,q,True,1795.0,0,1688.0,0.0,0.0596100278551532,0.26926088333129883
2026-01-14 15:21:23,2_20_23.json,2,20,23,30,2,0,q,True,1759.0,0,1691.0,0.0,0.038658328595793066,0.29760003089904785
2026-01-14 15:21:23,2_20_24.json,2,20,24,31,2,0,q,True,1724.0,0,1609.0,0.0,0.06670533642691415,0.2855679988861084
2026-01-14 15:21:24,2_20_25.json,2,20,25,32,2,0,q,True,1732.0,0,1613.0,0.0,0.0687066974595843,0.25968313217163086
2026-01-14 15:21:24,2_20_26.json,2,20,26,33,2,0,q,True,1843.0,0,1772.0,0.0,0.0385241454150841,0.2926669120788574
2026-01-14 15:21:24,2_20_27.json,2,20,27,34,2,0,q,True,1718.0,0,1586.0,0.0,0.07683352735739232,0.26158595085144043
2026-01-14 15:21:24,2_20_28.json,2,20,28,35,2,0,q,True,1564.0,0,1553.0,0.0,0.007033248081841432,0.30030179023742676
2026-01-14 15:21:25,2_20_29.json,2,20,29,36,2,0,q,True,1750.0,0,1736.0,0.0,0.008,0.2592902183532715
2026-01-14 15:21:34,2_20_0.json,2,20,0,7,2,0,q,True,1815.0,0,1717.0,0.0,0.05399449035812672,0.273468017578125
2026-01-14 15:21:34,2_20_1.json,2,20,1,8,2,0,q,True,1681.0,0,1589.0,0.0,0.054729327781082686,0.2846989631652832
2026-01-14 15:21:34,2_20_2.json,2,20,2,9,2,0,q,True,1808.0,0,1778.0,0.0,0.016592920353982302,0.25907206535339355
2026-01-14 15:21:35,2_20_3.json,2,20,3,10,2,0,q,True,1586.0,0,1552.0,0.0,0.021437578814627996,0.2932460308074951
2026-01-14 15:21:35,2_20_4.json,2,20,4,11,2,0,q,True,1932.0,0,1874.0,0.0,0.030020703933747412,0.2913639545440674
2026-01-14 15:21:35,2_20_5.json,2,20,5,12,2,0,q,True,1793.0,0,1715.0,0.0,0.04350250976017847,0.290219783782959
2026-01-14 15:21:35,2_20_6.json,2,20,6,13,2,0,q,True,1757.0,0,1743.0,0.0,0.00796812749003984,0.2978222370147705
2026-01-14 15:21:36,2_20_7.json,2,20,7,14,2,0,q,True,1876.0,0,1772.0,0.0,0.05543710021321962,0.2892181873321533
2026-01-14 15:21:36,2_20_8.json,2,20,8,15,2,0,q,True,1754.0,0,1705.0,0.0,0.027936145952109463,0.27988314628601074
2026-01-14 15:21:36,2_20_9.json,2,20,9,16,2,0,q,True,1788.0,0,1750.0,0.0,0.021252796420581657,0.2586369514465332
2026-01-14 15:21:37,2_20_10.json,2,20,10,17,2,0,q,True,1885.0,0,1838.0,0.0,0.02493368700265252,0.25747084617614746
2026-01-14 15:21:37,2_20_11.json,2,20,11,18,2,0,q,True,1820.0,0,1748.0,0.0,0.03956043956043956,0.2588820457458496
2026-01-14 15:21:37,2_20_12.json,2,20,12,19,2,0,q,True,1787.0,0,1731.0,0.0,0.03133743704532736,0.26046204566955566
2026-01-14 15:21:37,2_20_13.json,2,20,13,20,2,0,q,True,1706.0,0,1662.0,0.0,0.02579132473622509,0.2601962089538574
2026-01-14 15:21:38,2_20_14.json,2,20,14,21,2,0,q,True,1858.0,0,1791.0,0.0,0.03606027987082885,0.2988460063934326
2026-01-14 15:21:38,2_20_15.json,2,20,15,22,2,0,q,True,1864.0,0,1808.0,0.0,0.030042918454935622,0.2775611877441406
2026-01-14 15:21:38,2_20_16.json,2,20,16,23,2,0,q,True,1933.0,0,1781.0,1.0,0.07863424728401448,0.28855085372924805
2026-01-14 15:21:38,2_20_17.json,2,20,17,24,2,0,q,True,1844.0,0,1726.0,0.0,0.06399132321041215,0.26561570167541504
2026-01-14 15:21:39,2_20_18.json,2,20,18,25,2,0,q,True,1713.0,0,1679.0,0.0,0.0198482194979568,0.2807629108428955
2026-01-14 15:21:39,2_20_19.json,2,20,19,26,2,0,q,True,1807.0,0,1738.0,0.0,0.03818483674598783,0.2886500358581543
2026-01-14 15:21:39,2_20_20.json,2,20,20,27,2,0,q,True,1768.0,0,1762.0,0.0,0.003393665158371041,0.25601792335510254
2026-01-14 15:21:40,2_20_21.json,2,20,21,28,2,0,q,True,1817.0,0,1713.0,0.0,0.05723720418271877,0.2585630416870117
2026-01-14 15:21:40,2_20_22.json,2,20,22,29,2,0,q,True,1795.0,0,1688.0,0.0,0.0596100278551532,0.2612190246582031
2026-01-14 15:21:40,2_20_23.json,2,20,23,30,2,0,q,True,1759.0,0,1691.0,0.0,0.038658328595793066,0.29474616050720215
2026-01-14 15:21:40,2_20_24.json,2,20,24,31,2,0,q,True,1724.0,0,1609.0,0.0,0.06670533642691415,0.2798118591308594
2026-01-14 15:21:41,2_20_25.json,2,20,25,32,2,0,q,True,1732.0,0,1613.0,0.0,0.0687066974595843,0.25963306427001953
2026-01-14 15:21:41,2_20_26.json,2,20,26,33,2,0,q,True,1843.0,0,1772.0,0.0,0.0385241454150841,0.28501296043395996
2026-01-14 15:21:41,2_20_27.json,2,20,27,34,2,0,q,True,1718.0,0,1586.0,0.0,0.07683352735739232,0.2520630359649658
2026-01-14 15:21:42,2_20_28.json,2,20,28,35,2,0,q,True,1564.0,0,1553.0,0.0,0.007033248081841432,0.28464627265930176
2026-01-14 15:21:42,2_20_29.json,2,20,29,36,2,0,q,True,1750.0,0,1736.0,0.0,0.008,0.25652098655700684
2026-01-14 15:25:20,2_20_0.json,2,20,0,7,100,0,q,True,1815.0,0,1686.0,0.0,0.07107438016528926,9.968147039413452
2026-01-14 15:25:31,2_20_1.json,2,20,1,8,100,0,q,True,1681.0,0,1577.0,0.0,0.061867935752528254,11.056432008743286
2026-01-14 15:25:41,2_20_2.json,2,20,2,9,100,0,q,True,1808.0,0,1733.0,0.0,0.041482300884955754,9.905472993850708
2026-01-14 15:25:51,2_20_3.json,2,20,3,10,100,0,q,True,1586.0,0,1552.0,0.0,0.021437578814627996,10.370486974716187
2026-01-14 15:26:03,2_20_4.json,2,20,4,11,100,0,q,True,1932.0,0,1871.0,0.0,0.03157349896480331,11.1496102809906
2026-01-14 15:26:14,2_20_5.json,2,20,5,12,100,0,q,True,1793.0,0,1727.0,0.0,0.03680981595092025,11.139020919799805
2026-01-14 15:26:25,2_20_6.json,2,20,6,13,100,0,q,True,1757.0,0,1742.0,0.0,0.008537279453614115,11.597443103790283
2026-01-14 15:26:36,2_20_7.json,2,20,7,14,100,0,q,True,1876.0,0,1736.0,0.0,0.07462686567164178,11.112642049789429
2026-01-14 15:26:47,2_20_8.json,2,20,8,15,100,0,q,True,1754.0,0,1700.0,0.0,0.03078677309007982,10.748024940490723
2026-01-14 15:26:57,2_20_9.json,2,20,9,16,100,0,q,True,1788.0,0,1726.0,0.0,0.03467561521252797,9.783174991607666
2026-01-14 15:27:07,2_20_10.json,2,20,10,17,100,0,q,True,1885.0,0,1852.0,0.0,0.01750663129973475,9.804447174072266
2026-01-14 15:27:17,2_20_11.json,2,20,11,18,100,0,q,True,1820.0,0,1762.0,0.0,0.031868131868131866,10.072972059249878
2026-01-14 15:27:27,2_20_12.json,2,20,12,19,100,0,q,True,1787.0,0,1725.0,0.0,0.03469501958589815,10.245197057723999
2026-01-14 15:27:37,2_20_13.json,2,20,13,20,100,0,q,True,1706.0,0,1641.0,0.0,0.038100820633059786,9.933926343917847
2026-01-14 15:27:49,2_20_14.json,2,20,14,21,100,0,q,True,1858.0,0,1766.0,0.0,0.04951560818083961,11.61851692199707
2026-01-14 15:27:59,2_20_15.json,2,20,15,22,100,0,q,True,1864.0,0,1819.0,0.0,0.024141630901287552,10.541956901550293
2026-01-14 15:28:10,2_20_16.json,2,20,16,23,100,0,q,True,1933.0,0,1794.0,0.0,0.0719089498189343,11.164813995361328
2026-01-14 15:28:20,2_20_17.json,2,20,17,24,100,0,q,True,1844.0,0,1712.0,0.0,0.07158351409978309,10.096406936645508
2026-01-14 15:28:31,2_20_18.json,2,20,18,25,100,0,q,True,1713.0,0,1679.0,0.0,0.0198482194979568,10.752120971679688
2026-01-14 15:28:42,2_20_19.json,2,20,19,26,100,0,q,True,1807.0,0,1731.0,0.0,0.042058660763696736,11.281359910964966
2026-01-14 15:28:52,2_20_20.json,2,20,20,27,100,0,q,True,1768.0,0,1727.0,0.0,0.02319004524886878,9.796826124191284
2026-01-14 15:29:02,2_20_21.json,2,20,21,28,100,0,q,True,1817.0,0,1694.0,0.0,0.06769400110071547,9.835450887680054
2026-01-14 15:29:12,2_20_22.json,2,20,22,29,100,0,q,True,1795.0,0,1693.0,0.0,0.05682451253481894,10.163007020950317
2026-01-14 15:29:24,2_20_23.json,2,20,23,30,100,0,q,True,1759.0,0,1695.0,0.0,0.036384309266628764,11.819657802581787
2026-01-14 15:29:35,2_20_24.json,2,20,24,31,100,0,q,True,1724.0,0,1605.0,0.0,0.06902552204176333,10.75983214378357
2026-01-14 15:29:45,2_20_25.json,2,20,25,32,100,0,q,True,1732.0,0,1626.0,0.0,0.061200923787528866,10.111633777618408
2026-01-14 15:29:56,2_20_26.json,2,20,26,33,100,0,q,True,1843.0,0,1783.0,0.0,0.032555615843733045,10.990647077560425
2026-01-14 15:30:06,2_20_27.json,2,20,27,34,100,0,q,True,1718.0,0,1586.0,0.0,0.07683352735739232,9.718945026397705
2026-01-14 15:30:17,2_20_28.json,2,20,28,35,100,0,q,True,1564.0,0,1558.0,0.0,0.0038363171355498722,10.927266120910645
2026-01-14 15:30:26,2_20_29.json,2,20,29,36,100,0,q,True,1750.0,0,1709.0,0.0,0.023428571428571427,9.921091079711914
2026-01-14 18:40:18,2_20_0.json,2,20,0,7,100,0,q,True,1815.0,0,1686.0,0.0,0.07107438016528926,12.296864032745361
2026-01-14 18:40:32,2_20_1.json,2,20,1,8,100,0,q,True,1681.0,0,1577.0,0.0,0.061867935752528254,13.779903888702393
2026-01-14 18:41:10,2_20_0.json,2,20,0,7,100,0,q,True,1815.0,0,1686.0,0.0,0.07107438016528926,9.78193473815918
2026-01-14 18:41:21,2_20_1.json,2,20,1,8,100,0,q,True,1681.0,0,1577.0,0.0,0.061867935752528254,11.053271055221558
2026-01-14 18:41:31,2_20_2.json,2,20,2,9,100,0,q,True,1808.0,0,1733.0,0.0,0.041482300884955754,9.995357751846313
2026-01-14 18:41:41,2_20_3.json,2,20,3,10,100,0,q,True,1586.0,0,1552.0,0.0,0.021437578814627996,10.11158800125122
2026-01-14 18:41:53,2_20_4.json,2,20,4,11,100,0,q,True,1932.0,0,1871.0,0.0,0.03157349896480331,11.960736989974976
2026-01-14 18:42:04,2_20_5.json,2,20,5,12,100,0,q,True,1793.0,0,1727.0,0.0,0.03680981595092025,11.523247957229614
2026-01-14 18:42:16,2_20_6.json,2,20,6,13,100,0,q,True,1757.0,0,1742.0,0.0,0.008537279453614115,11.59494400024414
2026-01-14 18:42:27,2_20_7.json,2,20,7,14,100,0,q,True,1876.0,0,1736.0,0.0,0.07462686567164178,11.25639033317566
2026-01-14 18:42:38,2_20_8.json,2,20,8,15,100,0,q,True,1754.0,0,1700.0,0.0,0.03078677309007982,10.835041046142578
2026-01-14 18:42:48,2_20_9.json,2,20,9,16,100,0,q,True,1788.0,0,1726.0,0.0,0.03467561521252797,9.857829809188843
2026-01-14 18:42:58,2_20_10.json,2,20,10,17,100,0,q,True,1885.0,0,1852.0,0.0,0.01750663129973475,10.732847690582275
2026-01-14 18:43:08,2_20_11.json,2,20,11,18,100,0,q,True,1820.0,0,1762.0,0.0,0.031868131868131866,9.971556901931763
2026-01-14 18:43:19,2_20_12.json,2,20,12,19,100,0,q,True,1787.0,0,1725.0,0.0,0.03469501958589815,10.08470892906189
2026-01-14 18:55:11,2_100_0.json,2,100,0,7,10,0,q,True,9391.0,0,8974.0,0.0,0.04440421680332233,196.16847705841064
2026-01-14 18:58:35,2_100_1.json,2,100,1,8,10,0,q,True,9020.0,0,8582.0,0.0,0.04855875831485588,203.99096083641052
2026-01-14 19:02:09,2_20_0.json,2,20,0,7,10,0,q,True,1815.0,0,1686.0,0.0,0.07107438016528926,1.1858398914337158
2026-01-14 19:02:10,2_20_1.json,2,20,1,8,10,0,q,True,1681.0,0,1577.0,0.0,0.061867935752528254,1.2397058010101318
2026-01-14 19:02:11,2_20_2.json,2,20,2,9,10,0,q,True,1808.0,0,1733.0,0.0,0.041482300884955754,1.0980818271636963
2026-01-14 19:02:28,2_20_0.json,2,20,0,7,10,0,q,True,1815.0,0,1686.0,0.0,0.07107438016528926,1.6361541748046875
2026-01-14 19:02:29,2_20_1.json,2,20,1,8,10,0,q,True,1681.0,0,1577.0,0.0,0.061867935752528254,1.8577120304107666
2026-01-14 19:02:31,2_20_2.json,2,20,2,9,10,0,q,True,1808.0,0,1733.0,0.0,0.041482300884955754,1.563025951385498
